"","peaknum_a","mz","rt","rtmin","rtmax","match_mz","n_carbons","adduct","iso","charge","maxo"
"peaknum",3602,71.0145827072606,804.304,786.342,822.266,74.0248452696724,3,0,NA,1,31545.01953125
"peaknum",6493,85.0663798517968,1679.87682784666,1669.47,1687.43,90.0835297971289,5,NA,NA,1,1478.88513183594
"peaknum",6605,85.0302564152946,1694.41,1674.46,1716.37,89.043590682805,4,NA,NA,1,3994.37915039062
"peaknum",3794,88.0412936127259,1014.85,1005.87,1030.82,91.0511189605822,3,NA,NA,1,15918.9443359375
"peaknum",3798,89.0252868694467,804.304,786.342,822.266,92.0355139693124,3,NA,NA,1,99287.6953125
"peaknum",1905,95.0150117567701,806.570222295591,791.332,820.27,100.031573922352,5,NA,NA,1,3577.80859375
"peaknum",3690,99.0091520138247,981.925,967.955,997.891,103.022967778198,4,NA,NA,1,11221.955078125
"peaknum",3415,100.004827885749,894.112,886.129,911.076,102.011565440516,2,NA,NA,1,5915.07763671875
"peaknum",5317,102.056764051833,1460.91,1436.96,1471.89,106.070143876551,4,NA,NA,1,7538.3623046875
"peaknum",6462,103.040523831292,1669.47,1660.48,1681.44,107.054146640517,4,NA,NA,1,2802.79248046875
"peaknum",3736,103.040583706098,1016.85,968.953,1027.83,107.054021444357,4,NA,NA,1,2178.17333984375
"peaknum",5190,105.020159030312,1293.27,1268.32,1320.21,108.030388476464,3,NA,NA,1,10773.1201171875
"peaknum",2301,107.036282282201,804.304,786.342,823.264,110.046140625923,3,NA,NA,1,7566.85205078125
"peaknum",1499,109.041884066146,697.532,683.562,714.496,114.058662903593,5,NA,NA,1,11418.1044921875
"peaknum",7804,111.009243428713,2034.7,2021.72,2048.67,116.026078691428,5,NA,NA,1,2864.34106445312
"peaknum",903,111.020892667841,222.537,205.573,239.501,115.034622080533,4,0,0,1,193190.015625
"peaknum",6495,113.061546276412,1678.45,1665.48,1687.43,119.081531592975,6,NA,NA,1,2186.38208007812
"peaknum",6610,113.061474504515,1701.4,1691.42,1712.37,119.081424920469,6,NA,NA,1,3721.78051757812
"peaknum",3666,114.056818061189,967.955,957.976,988.91,119.07343747388,5,NA,NA,1,1907.408203125
"peaknum",6501,115.040728534411,1679.44,1669.47,1703.39,120.057561205848,5,NA,NA,1,5031.9833984375
"peaknum",3518,116.072462188066,904.091,895.11,918.061,121.089129866199,5,0,0,1,15875.923828125
"peaknum",6508,117.02037726235,1678.45,1663.48,1694.41,121.033328496287,4,NA,NA,1,5587.6865234375
"peaknum",698,125.036479913802,161.667,151.688,177.633,130.053325980636,5,0,0,1,57042.03125
"peaknum",5318,128.036105754277,1460.91,1445.94,1473.88,133.052526142512,5,NA,NA,1,3182.71142578125
"peaknum",6649,129.019955540418,1695.41,1658.49,1724.35,134.036682262442,5,NA,NA,1,9879.390625
"peaknum",7819,129.019637728463,2054.65,2044.67,2067.63,134.03655315788,5,NA,NA,1,3109.79248046875
"peaknum",4874,129.039274905812,1205.46,1198.47,1216.43,133.052552480445,4,NA,NA,1,1041.10473632812
"peaknum",3702,129.019742814071,996.893,982.923,1012.86,134.036950926477,5,NA,NA,1,1120.06323242188
"peaknum",6312,130.051640501525,1649.51,1641.53,1654.5,135.068719752371,5,NA,NA,1,1536.69580078125
"peaknum",3374,130.0879718305,861.183,853.2,872.159,136.108322976677,6,NA,NA,1,21644.025390625
"peaknum",6483,131.071790721258,1678.945,1669.47,1687.43,137.092024781254,6,NA,NA,1,791.583312988281
"peaknum",3693,131.035953184669,981.925,972.944,990.906,135.049033008093,4,NA,NA,1,10042.1982421875
"peaknum",3201,131.09163409608,860.185,854.198,866.172,135.104928819285,4,NA,NA,1,1754.86865234375
"peaknum",6541,132.030672349115,1687.43,1679.44,1699.4,136.044671817868,4,NA,NA,1,4104.43310546875
"peaknum",3650,133.05144581016,934.027,924.048,949.993,138.068360462579,5,0,0,1,105197.03125
"peaknum",1372,133.045635426823,687.553,677.575,703.519,138.061814415902,5,0,0,1,3739.06665039062
"peaknum",8061,134.048132482214,2248.24,2238.26,2259.22,139.064695175781,5,NA,NA,1,1201.60278320312
"peaknum",1406,138.061814415902,687.553,678.572,704.517,139.064956386123,1,0,0,1,8452.4501953125
"peaknum",6612,143.035494802601,1698.41,1644.52,1755.28,149.055794792061,6,NA,NA,1,3708.55346679688
"peaknum",3152,143.035888153538,804.304,786.342,822.266,149.055838534579,6,NA,NA,1,23828.828125
"peaknum",5358,146.046614526306,1460.91,1446.94,1476.88,150.059890302689,4,0,0,1,68080.75
"peaknum",3672,147.066966104548,966.957,957.976,981.925,153.087070472148,6,0,NA,1,22972.03125
"peaknum",3419,147.066937023871,891.119,883.136,906.087,153.087126579975,6,0,0,1,43612.9375
"peaknum",6706,147.03052406568,1673.46,1655.5,1696.41,152.047433443553,5,NA,NA,1,67181.3359375
"peaknum",3592,148.044272137453,940.014,935.025,947.997,153.061367275184,5,NA,NA,1,2383.93017578125
"peaknum",6673,157.051086718706,1701.4,1680.44,1716.37,164.074734906065,7,0,0,1,20303.63671875
"peaknum",4773,159.078308410747,1164.54,1152.57,1179.51,165.09838564398,6,NA,NA,1,2705.806640625
"peaknum",3362,161.046355676678,804.304,786.342,823.264,167.066728119949,6,0,0,1,47321.16796875
"peaknum",3254,161.082684376237,864.176,857.191,878.146,167.103009560697,6,0,0,1,14114.6728515625
"peaknum",6665,161.046211111412,1677.45,1663.48,1694.41,167.066408474858,6,0,0,1,18961.232421875
"peaknum",3491,164.072513292906,922.053,916.066,937.021,173.102554410726,9,NA,NA,1,6203.20849609375
"peaknum",5284,168.027807573275,1461.87007401548,1442.95,1467.9,173.045325944651,5,NA,NA,1,1769.36779785156
"peaknum",6685,171.00703520639,1712.37,1704.39,1728.34,174.017244740405,3,0,0,1,12494.447265625
"peaknum",4581,171.028549789909,1089.7,1073.73,1106.66,174.038613626301,3,0,0,1,8827.662109375
"peaknum",3435,171.139636775978,874.155,856.193,892.117,181.17337705939,10,0,NA,1,8397.5458984375
"peaknum",7816,173.010226278287,2054.15,2050.66,2059.64,178.02663217172,5,NA,NA,1,6277.8994140625
"peaknum",3404,173.046190426046,896.108,885.132,908.083,180.06959521527,7,NA,NA,1,8513.650390625
"peaknum",6409,174.041395930978,1649.51,1641.53,1662.48,179.058159593134,5,NA,NA,1,23134.564453125
"peaknum",6512,175.061415567043,1678.45,1668.47,1690.42,182.085488431513,7,0,NA,1,78400.3046875
"peaknum",6459,179.057289688908,804.304,786.342,822.266,185.077387273093,6,0,0,1,465098.875
"peaknum",3818,180.066784248208,1029.82,1025.83,1042.8,189.097558430063,9,NA,NA,1,3385.103515625
"peaknum",3732,184.02920433183,1014.85,1009.86,1019.84,187.039357014008,3,NA,NA,1,1171.40197753906
"peaknum",7814,184.986162506344,2044.67,2035.69,2059.64,187.996204535456,3,NA,NA,1,4419.1875
"peaknum",6176,185.057089805151,1628.55,1623.56,1642.52,190.074096026855,5,NA,NA,1,1759.625
"peaknum",4975,187.073832989429,1252.36,1244.37,1260.34,194.096687568185,7,NA,NA,1,1484.08984375
"peaknum",6272,188.057170059279,1643.52,1635.54,1652.5,195.080750381129,7,NA,NA,1,4359.265625
"peaknum",8144,191.020420279783,2037.69,2021.72,2054.65,197.040414188638,6,NA,NA,1,19943.462890625
"peaknum",6528,191.056945168311,1686.43,1681.44,1692.42,198.080444799085,7,NA,NA,1,1382.98645019531
"peaknum",3255,197.156056251286,864.841666666667,840.227,879.144,209.196272257532,12,NA,NA,1,1594.71496582031
"peaknum",6585,199.002184939038,1693.41,1687.43,1708.38,202.012226042778,3,NA,NA,1,2707.50048828125
"peaknum",3764,199.171055397477,856.193,838.232,874.155,211.21129699323,12,0,0,1,43104.91015625
"peaknum",4364,215.033905777349,684.56,665.6,714.496,221.05417818021,6,NA,NA,1,24178.05078125
"peaknum",4365,215.033561457008,1037.81,1017.85,1053.77,221.053750470054,6,0,0,1,19509.326171875
"peaknum",5031,225.017923600424,1283.29,1271.32,1293.27,231.037942010965,6,NA,NA,1,1104.55285644531
"peaknum",7730,227.202542096254,844.219,825.259,864.176,241.249387384353,14,0,0,1,183912.390625
"peaknum",6695,229.012703401095,1715.37,1702.4,1726.35,234.02946752053,5,NA,NA,1,2207.7041015625
"peaknum",5232,231.098866669822,1449.93,1445.94,1456.92,240.130039990718,9,NA,NA,1,981.3203125
"peaknum",3443,231.159888351428,918.061,913.072,920.057,243.200897672657,12,NA,NA,1,1125.79504394531
"peaknum",1341,233.079483353291,668.594,657.617,683.562,241.105933019238,8,NA,NA,1,3940.74072265625
"peaknum",3846,239.078459222373,804.304,786.342,823.264,245.098520743555,6,0,0,1,113497.15625
"peaknum",2138,241.08316158756,805.302,788.338,825.259,247.102656949134,6,NA,NA,1,2845.3466796875
"peaknum",7098,241.999184933532,1883.01,1876.03,1893,248.019673976975,6,NA,NA,1,1344.36157226562
"peaknum",2092,242.052804705347,803.306,788.338,819.272,248.07313266242,6,NA,NA,1,30643.0546875
"peaknum",1225,243.063726433714,542.862,524.9,562.819,252.094659772251,9,0,0,1,11369.0009765625
"peaknum",3338,243.197271267699,858.189,844.219,873.157,257.244275425892,14,0,0,1,34410.79296875
"peaknum",8906,249.154980320028,3272.07,3255.1,3287.04,263.203126727518,14,NA,NA,1,8061.89501953125
"peaknum",6468,251.005636636503,1669.47,1664.48,1676.45,256.021757807614,5,NA,NA,1,1026.22692871094
"peaknum",8213,252.491869903725,2431.85,2423.87,2447.81,257.508438454411,5,NA,NA,1,2083.20678710938
"peaknum",4525,253.030593530359,1090.64884927507,1078.72,1100.68,256.041161526718,3,NA,NA,1,2358.00708007812
"peaknum",6568,255.089114082388,1694.41,1688.43,1699.4,268.13282983523,13,NA,NA,1,656.763366699219
"peaknum",11335,255.234156517252,834.24,819.272,850.206,271.287848699368,16,0,0,1,1541219.625
"peaknum",1549,256.06066585305,733.455,673.583,775.366,264.087780726054,8,NA,NA,1,4379.28857421875
"peaknum",3098,257.213170717375,852.202,840.227,857.191,272.263379233168,15,NA,NA,1,4663.470703125
"peaknum",1543,258.058020594857,735.451,714.496,756.406,266.084873688199,8,NA,NA,1,1656.76989746094
"peaknum",6783,259.023305821444,1732.33,1718.36,1748.3,265.043378773526,6,NA,NA,1,9515.53125
"peaknum",2518,268.275660606358,833.242,828.253,836.236,273.292041969402,5,0,0,1,7965.6865234375
"peaknum",3156,271.229011882887,846.215,832.244,861.183,287.28287629796,16,0,0,1,153593.171875
"peaknum",6314,273.033947168435,1647.51,1638.53,1657.49,281.061241292698,16,NA,NA,2,2598.6826171875
"peaknum",6505,276.989846742655,1683.935,1680.44,1689.42,282.006462957176,5,NA,NA,1,1161.08923339844
"peaknum",9015,277.218155502577,3277.06,3263.09,3284.04,285.244575625811,8,NA,NA,1,6891.00146484375
"peaknum",1545,280.104893982263,733.455,706.513,773.37,288.13211358625,8,NA,NA,1,2699.44189453125
"peaknum",6614,282.021590842157,1703.39,1697.41,1710.38,289.546528102164,15,NA,NA,2,2166.53076171875
"peaknum",2908,285.245179778334,841.225,828.253,855.195,302.301653250173,17,0,0,1,6637.41748046875
"peaknum",6529,289.104933154681,1686.43,1680.44,1692.42,299.138753782927,10,NA,NA,1,4268.56787109375
"peaknum",3221,295.265655526333,826.257,808.296,845.217,314.329267320207,19,0,0,1,33770.08203125
"peaknum",3409,296.136098175647,903.093,898.104,914.07,307.173261631558,11,NA,NA,1,878.157897949219
"peaknum",3527,297.244527143357,840.227,825.259,855.195,315.30548837214,18,0,NA,1,20543.291015625
"peaknum",3305,299.260033910131,837.234,813.285,859.187,317.320638051768,18,0,0,1,12872.96484375
"peaknum",3360,301.160784826547,891.119,887.127,896.108,307.18108100071,6,0,NA,1,613.498291015625
"peaknum",3413,301.152514690003,904.091,899.102,912.074,307.173261631558,6,0,0,1,2438.88110351562
"peaknum",6515,302.535440509443,1683.85791840574,1676.45,1690.42,311.064108867202,17,NA,NA,2,3119.85986328125
"peaknum",6487,303.036022294706,1682.44,1677.45,1686.43,311.064108867202,16,NA,NA,2,895.20849609375
"peaknum",7635,309.507597994735,2012.74,1997.78,2021.72,317.032377439415,15,NA,NA,2,3808.44067382812
"peaknum",672,310.117334874668,161.667,146.699,171.646,316.137069807805,6,NA,NA,1,4959.52392578125
"peaknum",2779,311.260362146358,837.234,826.257,843.221,330.323226240398,19,NA,NA,1,3274.48193359375
"peaknum",3258,316.171789852454,860.185,855.195,875.153,322.191834950454,6,NA,NA,1,7671.029296875
"peaknum",3566,317.046947457341,934.027,928.04,947.997,322.064257804592,5,NA,NA,1,921.009216308594
"peaknum",5250,320.098038562796,1460.91,1439.96,1468.89,325.114561473626,5,NA,NA,1,1969.31982421875
"peaknum",6681,321.050374452091,1718.36,1711.38,1729.34,331.083961624607,10,0,0,1,3353.02099609375
"peaknum",6793,323.02952612925,1760.27,1750.29,1775.25,332.060083949989,9,NA,NA,1,9367.2109375
"peaknum",778,323.093894089148,222.537,212.558,235.509,327.107175787037,4,NA,NA,1,3350.0908203125
"peaknum",495,328.287118198437,135.722,134.724,146.699,347.350596618307,19,NA,NA,1,10899.41015625
"peaknum",6750,337.00100302035,1732.33,1718.36,1738.32,343.021056220978,6,NA,NA,1,1027.72485351562
"peaknum",7587,338.545382427836,1964.85,1954.87,1977.82,348.578877223414,20,0,NA,2,7536.77392578125
"peaknum",8016,338.989831797945,2213.31,2203.34,2229.28,345.010839522549,6,0,0,1,10776.2568359375
"peaknum",6811,346.056466012839,1769.26,1754.28,1784.23,356.090289939228,10,0,0,1,29552.33984375
"peaknum",7579,349.536408493485,1964.85,1958.86,1972.83,359.570458187184,10,NA,NA,1,864.963256835938
"peaknum",3134,350.209122532075,838.232,817.276,871.161,365.259112411845,15,NA,NA,1,2619.13793945312
"peaknum",3924,351.22177755037,835.238,819.272,851.204,367.275358731487,16,0,0,1,79456.0078125
"peaknum",3478,352.185713049662,920.057,915.068,929.038,359.208633572331,7,NA,NA,1,3391.63134765625
"peaknum",9556,355.196275209466,3295.02,3280.05,3306.99,367.236965404306,12,0,0,1,7543.66015625
"peaknum",6761,356.992022480259,1732.33,1719.36,1747.3,363.011111492352,6,NA,NA,1,2743.15893554688
"peaknum",3345,359.120809975172,804.304,787.34,821.268,370.157679493245,11,NA,NA,1,42581.27734375
"peaknum",8006,360.971574783044,2213.31,2207.33,2221.3,366.99180607369,6,NA,NA,1,1081.98046875
"peaknum",7155,362.051448519172,1898.47477691476,1888,1907.97,372.085525279408,10,NA,NA,1,1792.25891113281
"peaknum",2245,364.137522968248,803.306,786.342,821.268,372.165283772056,8,0,0,1,11605.853515625
"peaknum",2174,367.145758839336,804.304,786.342,822.266,373.165030993911,6,NA,NA,1,6467.5908203125
"peaknum",3055,367.217190094762,846.215,842.223,855.195,383.270598220811,16,0,0,1,11837.564453125
"peaknum",3274,385.255209530477,854.198,779.357,855.195,397.296005771849,12,NA,NA,1,2707.8310546875
"peaknum",6586,391.572805736451,1693.41,1685.43,1709.38,405.118533320495,27,NA,NA,2,3613.02099609375
"peaknum",6569,392.073973066354,1695.38600787732,1686.43,1713.37,405.118533320495,26,NA,NA,2,1252.40490722656
"peaknum",7916,396.77438164622,2113.53,2099.56,2122.51,410.487238232555,41,0,NA,3,4114.6630859375
"peaknum",8159,398.547469426283,2385.08925813481,2380.96,2394.93,409.082154377686,21,NA,NA,2,1238.49340820312
"peaknum",8153,401.017023218495,2378.96480418864,2369.98,2389.94,411.050461446192,10,NA,NA,1,1634.16711425781
"peaknum",8189,402.99551476038,2402.91,2384.95,2412.89,412.026483688022,9,NA,NA,1,1749.78234863281
"peaknum",7963,402.996226114412,2119.51,2108.54,2134.48,412.026188494514,9,0,0,1,10256.8251953125
"peaknum",8138,403.557089656061,2248.89049892272,2236.27,2264.21,415.095567790443,23,0,0,2,66931.1328125
"peaknum",8046,405.059054182587,2249.53304676564,2238.26,2259.22,416.095682651994,22,NA,NA,2,2649.34936523438
"peaknum",8164,405.504742538929,2384.95,2374.97,2394.93,415.036677105499,19,NA,NA,2,2466.55029296875
"peaknum",8183,406.543588434085,2401.91,2394.93,2409.9,416.577587472039,20,NA,NA,2,1494.02819824219
"peaknum",2967,407.266171570895,844.219,833.242,860.185,414.289407167866,7,NA,NA,1,6064.95458984375
"peaknum",7948,410.027097105196,2128.5,2115.52,2146.46,420.061369393074,10,0,NA,1,2842.50659179688
"peaknum",8135,410.565499957878,2262.13890773784,2254.23,2270.19,422.603928406615,24,NA,NA,2,1379.06750488281
"peaknum",3080,414.289407167866,844.219,828.253,862.181,426.327746389812,12,NA,NA,1,2014.37365722656
"peaknum",8093,414.547877781102,2248.86360645771,2239.26,2260.21,426.086448046376,23,0,0,2,4085.06518554688
"peaknum",6013,415.631920890881,1539.19480567444,1535.75,1542.74,431.183683491852,31,NA,NA,2,2502.48828125
"peaknum",595,417.1443510412,148.695,143.705,160.669,434.199605356752,17,NA,NA,1,1546.09875488281
"peaknum",3059,421.281886226573,840.227,822.266,858.189,428.30405677982,7,0,NA,1,2839.72729492188
"peaknum",2968,421.311024000265,843.221,839.229,849.208,427.331474093826,6,0,NA,1,3822.3046875
"peaknum",6804,424.033604177517,1769.26,1763.27,1780.23,434.068014390915,10,0,NA,1,1757.61596679688
"peaknum",3081,424.248594286539,845.217,836.236,855.195,443.312280257506,19,NA,NA,1,2613.95483398438
"peaknum",7998,426.023146399088,2132.49,2121.51,2148.45,436.056365340081,10,0,0,1,35331.671875
"peaknum",8223,426.023155902191,2432.85,2421.87,2449.81,436.056907403114,10,NA,NA,1,4006.1044921875
"peaknum",8215,427.02568033483,2431.85,2425.86,2438.83,436.056907403114,9,NA,NA,1,983.098999023438
"peaknum",8233,427.12640486264,2546.61,2535.63,2556.59,444.683877483749,35,NA,NA,2,715.524047851562
"peaknum",6805,428.059830665801,1769.26,1761.27,1782.23,438.093094078755,10,NA,NA,1,1478.5322265625
"peaknum",3194,429.281130359967,858.189,855.195,881.14,443.327280822046,14,0,NA,1,4069.9677734375
"peaknum",2969,433.281969968917,834.24,778.359,877.149,439.300998210811,6,NA,NA,1,6166.431640625
"peaknum",8095,433.540809196415,2248.84449697794,2239.26,2262.21,445.078519537255,23,0,0,2,4368.08349609375
"peaknum",3325,435.297338175457,834.24,819.272,850.206,457.370876015495,22,0,0,1,36156.59375
"peaknum",8139,442.017585837742,2251.23,2242.25,2268.2,452.051645970608,10,0,0,1,5868.93310546875
"peaknum",7834,442.652170103656,2082.59,2077.6,2089.58,458.705371142045,32,0,NA,2,3751.37280273438
"peaknum",7974,448.004083779066,2133.08975573092,2125.5,2141.47,458.038126641199,10,NA,NA,1,1665.69128417969
"peaknum",2390,449.312126407887,827.255,814.283,846.215,472.38864637667,23,NA,NA,1,3075.7373046875
"peaknum",2632,450.346931909561,833.242,828.253,839.229,456.367373629705,6,0,0,1,3799.43627929688
"peaknum",3038,451.292495980231,846.215,832.244,852.202,458.317372513839,7,0,NA,1,9537.61328125
"peaknum",2864,452.279435579667,838.232,827.255,845.217,473.349747264536,21,NA,NA,1,21937.396484375
"peaknum",10525,453.395944495313,3382.84,3362.88,3403.79,481.489661807613,28,0,0,1,3770.74072265625
"peaknum",2700,453.396130511283,793.327,778.359,809.293,481.489734857292,28,0,0,1,6553.8212890625
"peaknum",6709,455.098842690442,1720.36,1712.37,1733.33,472.155320096526,17,0,0,1,3894.51220703125
"peaknum",3088,457.312835913314,846.215,832.244,861.183,473.365553016672,16,0,0,1,19532.119140625
"peaknum",673,457.311855240814,160.669,154.682,175.637,462.328442123659,5,NA,NA,1,1785.60424804688
"peaknum",3162,464.279306507956,838.232,827.255,860.185,486.352963680139,22,0,NA,1,51513.796875
"peaknum",2391,470.352615303863,826.257,814.283,837.234,487.408610861379,17,0,NA,1,8917.384765625
"peaknum",8024,473.03075731256,2247.24,2243.25,2251.23,484.067215664677,11,NA,NA,1,847.015563964844
"peaknum",2353,475.328696344245,826.257,809.293,831.247,494.392394665192,19,0,NA,1,1734.482421875
"peaknum",2309,477.364041440728,827.255,822.266,837.234,483.385088381398,6,0,NA,1,1556.47814941406
"peaknum",2666,478.29492634205,834.24,823.264,870.163,501.372442491466,23,0,NA,1,18581.869140625
"peaknum",8158,480.982445976433,2378.4152815537,2368.98,2390.94,491.016539664482,10,NA,NA,1,2587.33056640625
"peaknum",8192,482.962193896926,2402.91,2394.93,2414.88,491.992673763346,9,NA,NA,1,2993.01928710938
"peaknum",2596,483.372382644824,833.242,820.27,847.212,509.458352925144,26,0,0,1,28934.751953125
"peaknum",3326,483.273975108604,875.153,866.172,889.123,505.347505258863,22,0,0,1,26856.94140625
"peaknum",5168,486.270210077647,1335.18,1328.19,1349.15,506.335889456357,20,NA,NA,1,3337.29296875
"peaknum",8220,489.993647675553,2435.50666666667,2426.86,2445.82,500.027291900536,10,NA,NA,1,1295.27978515625
"peaknum",8125,490.539222315737,2248.24,2239.26,2263.21,501.575900666479,11,NA,NA,1,5677.65380859375
"peaknum",8098,491.040701348359,2249.24,2239.26,2257.22,502.077671657778,11,0,NA,1,2876.52221679688
"peaknum",8247,491.646977685783,2675.34,2661.37,2687.31,511.713401918937,40,0,NA,2,1498.63049316406
"peaknum",2740,492.311509049052,833.242,821.268,848.21,516.391062334748,24,0,NA,1,10205.2041015625
"peaknum",1733,494.291010551656,794.325,783.349,813.285,517.366844013868,23,0,NA,1,1794.66418457031
"peaknum",3310,495.275775153524,875.153,867.17,880.142,518.350818639686,23,NA,NA,1,3011.71948242188
"peaknum",8069,501.529419401245,2247.24,2238.26,2267.2,512.565100946521,11,NA,NA,1,1231.63793945312
"peaknum",6795,502.010525687417,1768.26,1764.26,1778.24,512.044254075131,10,NA,NA,1,1000.82885742188
"peaknum",3315,502.333248012613,877.149,871.161,882.138,507.349233819216,5,NA,NA,1,1384.80993652344
"peaknum",7975,504.000540507118,2133.48,2125.5,2142.47,514.034139008598,10,NA,NA,1,1722.80798339844
"peaknum",8228,505.989394682385,2432.85,2419.87,2448.81,516.022978108625,10,0,0,1,11945.3681640625
"peaknum",6084,507.723119716865,1538.74,1535.75,1546.73,529.295939052006,43,0,NA,2,8620.9921875
"peaknum",6017,508.726729711457,1538.74,1535.75,1542.74,527.78978346147,38,NA,NA,2,1477.67797851562
"peaknum",3297,509.290126216059,870.163,863.178,884.134,533.370658958375,24,0,NA,1,2692.13549804688
"peaknum",3082,509.458352925144,834.24,821.268,851.204,525.511971425928,16,0,0,1,11213.4267578125
"peaknum",3164,511.473873262597,833.242,813.285,856.193,527.527625293165,16,0,0,1,49452.390625
"peaknum",8039,511.519530883728,2249.24,2243.25,2257.22,522.554348952781,11,0,NA,1,839.899536132812
"peaknum",831,517.184704015369,223.535,203.577,244.49,522.199907167879,5,0,0,1,8637.5947265625
"peaknum",6801,520.022299193475,1769.26,1762.27,1776.24,530.056326645957,10,NA,NA,1,938.320495605469
"peaknum",8010,523.169600665204,2224.29,2220.3,2232.27,545.246112534915,22,NA,NA,1,644.909973144531
"peaknum",3260,523.308528402349,866.172,856.193,876.151,547.387297142173,24,NA,NA,1,1242.77331542969
"peaknum",5001,524.168586113615,1257.35,1219.43,1292.27,542.228761297722,36,0,NA,2,2242.84350585938
"peaknum",7989,524.627338248661,2133.48,2123.51,2145.46,541.684210040846,17,NA,NA,1,6984.529296875
"peaknum",7977,525.128972306325,2132.49,2122.51,2142.47,541.183435137977,16,0,0,1,3764.3232421875
"peaknum",6049,526.243572107148,1538.74,1535.75,1543.74,548.317545168009,22,NA,NA,1,4441.24951171875
"peaknum",8217,527.971227193937,2431.85,2423.87,2442.82,538.005320646554,10,0,NA,1,1183.57495117188
"peaknum",8115,530.029367255492,2250.50294640298,2243.25,2262.21,540.062998865023,10,NA,NA,1,1547.00073242188
"peaknum",684,531.20092938235,162.665,154.682,176.635,536.216619514349,5,0,0,1,2122.0625
"peaknum",2943,533.456615146038,834.24,825.259,848.21,549.50856679027,16,0,0,1,3249.62426757812
"peaknum",8201,535.085250899669,2406.9,2395.92,2416.88,550.136016329195,15,0,0,1,2330.33764648438
"peaknum",8194,535.588169783002,2408.4,2399.92,2425.86,549.633818963138,14,NA,NA,1,1231.458984375
"peaknum",3064,537.489806755054,831.247,818.274,847.212,553.542713832993,16,NA,NA,1,10411.6796875
"peaknum",2830,538.494709262372,832.244,817.276,848.21,553.542713832993,15,0,0,1,3568.98706054688
"peaknum",5330,540.054673804171,1461.91,1452.93,1477.88,555.104932751476,15,0,NA,1,8239.9267578125
"peaknum",6486,542.070441268455,1674.25600335317,1663.48,1690.42,557.120635057414,15,NA,NA,1,1182.2978515625
"peaknum",2972,543.464262695667,846.215,842.223,849.208,575.571839874316,32,NA,NA,1,3111.96826171875
"peaknum",8199,545.118668275547,2405.9,2399.92,2413.89,550.136016329195,5,0,NA,1,1630.53540039062
"peaknum",8200,546.120549231878,2407.9,2400.91,2413.89,551.13657682525,5,NA,NA,1,800.91162109375
"peaknum",6446,547.074776231073,1647.51,1636.54,1662.48,563.128508590483,16,0,0,1,58998.37890625
"peaknum",1717,549.381316328218,793.327,773.37,798.317,577.478125727837,28,0,NA,1,1156.28002929688
"peaknum",8261,556.16705729003,2856.95,2830.01,2884.89,578.742951156234,45,0,NA,2,1076.67321777344
"peaknum",3104,559.476750433474,843.221,816.278,868.168,573.521736762233,14,0,NA,1,2033.99401855469
"peaknum",7961,561.14829851229,2129.49,2115.52,2138.47,578.206066652393,17,NA,NA,1,1458.36145019531
"peaknum",4579,563.183718647023,1103.67,1095.69,1115.64,581.243054956387,18,NA,NA,1,1395.65551757812
"peaknum",6662,565.048899626197,1704.84267888749,1694.41,1718.36,580.099004295867,15,0,0,1,26438.576171875
"peaknum",7565,567.153585068364,1931.91,1925.93,1940.9,586.217859336437,19,0,NA,1,2500.05322265625
"peaknum",6318,569.05669999929,1647.51,1639.53,1654.5,585.110114052341,16,0,0,1,3274.98266601562
"peaknum",3439,569.368454717559,913.072,907.085,918.061,595.454923484919,26,0,NA,1,2187.6923828125
"peaknum",7957,571.136962982432,2129.49,2117.52,2137.48,604.248481558876,33,NA,NA,1,1079.12573242188
"peaknum",7795,579.027650611861,2024.72,2016.73,2032.7,594.077808590693,15,NA,NA,1,1503.26416015625
"peaknum",6297,585.030526453158,1646.52,1639.53,1652.5,601.084565313972,16,NA,NA,1,1026.8564453125
"peaknum",6625,587.031392653718,1704.39,1698.41,1710.38,602.079984679336,15,NA,NA,1,2534.35180664062
"peaknum",7953,590.200573401997,2127.5,2122.51,2133.48,604.248481558876,14,NA,NA,1,1023.28509521484
"peaknum",7990,595.664896536116,2113.53,2100.56,2129.49,616.233630878899,41,0,0,2,146918.296875
"peaknum",3043,603.50333098943,846.215,842.223,852.202,619.557663269589,16,NA,NA,1,2293.17822265625
"peaknum",5019,605.696167145784,1264.33,1244.37,1305.24,625.763792823243,20,NA,NA,1,2487.14038085938
"peaknum",6571,606.075315519403,1683.44,1674.46,1698.41,623.132585358604,17,0,0,1,13861.4921875
"peaknum",7939,606.655472103241,2115.00403779496,2104.55,2130.49,626.7224898991,20,0,0,1,9408.2548828125
"peaknum",7936,607.658630821301,2115.52,2106.54,2125.5,627.725487852538,20,NA,NA,1,1843.36730957031
"peaknum",7890,611.717345401293,2114.52,2107.54,2120.51,617.736026298856,6,0,0,1,976.272277832031
"peaknum",3988,612.677278147854,1055.95337935546,1044.79,1065.75,628.73057995725,16,NA,NA,1,895.864807128906
"peaknum",7921,614.642634690157,2113.525,2105.55,2126.5,634.707744634972,20,NA,NA,1,1860.73413085938
"peaknum",5396,616.188179579584,1482.87,1479.87,1494.84,639.265634120609,23,NA,NA,1,613.264038085938
"peaknum",6645,618.085267836999,1702.4,1692.42,1713.37,634.140000245292,16,0,0,1,2509.92919921875
"peaknum",7628,620.020281193645,2012.74,2005.76,2020.73,635.070670647859,15,0,NA,1,2686.98510742188
"peaknum",6860,621.179979132903,1818.81666666667,1808.17,1830.13,631.213905112106,10,NA,NA,1,1073.04443359375
"peaknum",5481,625.192171352757,1483.86,1473.88,1498.83,649.272165214081,24,0,0,1,5362.07958984375
"peaknum",3026,627.198040990009,847.212,844.219,851.204,633.217709885622,6,NA,NA,1,1405.33972167969
"peaknum",6517,628.057604539295,1682.44,1676.45,1690.42,645.113738336498,17,NA,NA,1,1406.43676757812
"peaknum",3551,632.352797366753,932.031,922.053,944.006,654.426699520639,22,NA,NA,1,575.960021972656
"peaknum",1827,633.459607240843,795.323,787.34,811.289,667.57312208802,34,0,0,1,3208.96362304688
"peaknum",1885,639.479769849294,795.323,783.349,811.289,661.553404461657,22,0,0,1,9455.0302734375
"peaknum",6490,644.032009994475,1683.44,1679.44,1692.42,661.087839125904,17,NA,NA,1,699.344421386719
"peaknum",2833,644.343536021588,838.232,822.266,864.176,671.433593610595,27,NA,NA,1,2649.015625
"peaknum",7933,644.652755775778,2114.52,2104.55,2124.5,664.720103442665,20,NA,NA,1,2225.88256835938
"peaknum",4582,645.189332916857,1103.67,1096.68,1112.65,663.247059932574,18,NA,NA,1,672.224487304688
"peaknum",5490,646.197832897989,1489.85,1485.86,1495.84,670.27762426974,24,NA,NA,1,934.181457519531
"peaknum",1682,646.446727075594,788.338,787.34,789.336,680.560643863703,34,NA,NA,1,605.646484375
"peaknum",1635,648.426749034437,784.347,772.372,789.336,681.538362744129,33,NA,NA,1,741.34130859375
"peaknum",2944,650.362677444132,838.232,827.255,850.206,672.436535897194,22,0,0,1,5557.74951171875
"peaknum",5449,655.203721603474,1483.86,1472.89,1491.84,678.279565672548,23,0,0,1,2445.05883789062
"peaknum",5109,656.211067670745,1289.28,1263.33,1322.21,680.292190971292,24,NA,NA,1,5282.92333984375
"peaknum",5086,656.712287120811,1288.28,1272.31,1303.25,679.789348569155,23,NA,NA,1,3548.23120117188
"peaknum",1815,659.467230808825,775.366,759.4,793.327,694.584256413287,35,NA,NA,1,21848.052734375
"peaknum",10497,659.466234139879,3370.86,3353.9,3387.82,694.583162591178,35,0,0,1,4325.11962890625
"peaknum",3238,661.397189633442,835.238,819.272,851.204,677.450410492387,16,NA,NA,1,7883.58837890625
"peaknum",5417,662.102522252424,1461.91,1451.93,1476.88,683.173237269965,21,0,0,1,38428.765625
"peaknum",1720,662.46761008218,793.327,778.359,807.298,692.568340539554,30,NA,NA,1,1405.43432617188
"peaknum",5294,664.108045925551,1462.90449573337,1454.92,1472.89,681.165685980228,17,0,0,1,2431.1103515625
"peaknum",4819,665.216527379847,1172.52,1162.54,1185.5,689.296975255964,24,0,0,1,2730.04541015625
"peaknum",2056,665.441195253171,812.287,806.3,825.259,699.555481983577,34,0,NA,1,3987.63720703125
"peaknum",8075,673.06488160477,2247.74,2239.26,2255.22,691.125197164095,18,NA,NA,1,1067.72973632812
"peaknum",10891,673.482168167924,3399.8,3380.84,3417.76,709.603006240896,36,0,0,1,15690.263671875
"peaknum",2569,673.482798996081,788.338,772.372,805.302,709.603607667091,36,NA,NA,1,33363.6484375
"peaknum",2285,674.485984788218,789.336,772.372,804.304,709.603607667091,35,0,NA,1,13380.25390625
"peaknum",3083,677.391708439618,846.215,833.242,867.17,693.448100766452,16,0,0,1,2894.50756835938
"peaknum",7591,678.096445431393,1964.85,1953.87,1977.82,698.163171649604,20,0,0,1,7533.20947265625
"peaknum",3408,682.45241823838,901.0975,898.104,906.087,714.558647622581,32,0,NA,1,535.183532714844
"peaknum",5114,686.221608223912,1290.28,1252.36,1329.19,710.302114395759,24,0,0,1,7344.79150390625
"peaknum",7881,686.639449403997,2114.52,2111.53,2119.51,706.707233492192,20,0,NA,1,676.762756347656
"peaknum",11574,688.493098131234,3389.82,3359.88,3408.78,724.614239549852,36,NA,NA,1,10402.56640625
"peaknum",4842,688.494287330419,821.268,732.457,913.072,725.617333296618,37,NA,NA,1,18133.2265625
"peaknum",3880,689.497259042209,822.266,766.385,878.146,725.617333296618,36,NA,NA,1,7962.8037109375
"peaknum",10995,689.49673978719,3392.82,3358.89,3428.74,724.614239549852,35,NA,NA,1,5378.52783203125
"peaknum",1721,690.476050425539,792.33,783.349,798.317,726.596035190413,36,0,0,1,1298.69665527344
"peaknum",2752,690.499735963081,823.264,764.389,896.108,724.61437682287,34,NA,NA,1,2108.98022460938
"peaknum",2231,691.456949631898,808.296,800.313,823.264,727.578313664205,36,0,0,1,36615.28515625
"peaknum",2799,693.471226434813,814.283,803.306,829.251,729.593053627404,36,0,0,1,14881.4033203125
"peaknum",9763,693.470695594875,3319.97,3306,3331.95,729.593860651454,36,0,NA,1,968.094665527344
"peaknum",5499,697.211248747732,1491.84,1482.87,1496.84,723.300534395944,26,0,NA,1,806.071105957031
"peaknum",7583,700.079467887652,1965.84,1960.85,1970.83,720.143526755573,20,NA,NA,1,701.218017578125
"peaknum",6275,702.192650448281,1641.53,1633.54,1655.5,726.274346765788,24,0,NA,1,2608.79663085938
"peaknum",3932,702.510125210573,155.68,129.735,177.633,740.637843895647,38,0,0,1,300321.125
"peaknum",3933,702.509089785422,858.189,817.276,899.102,740.63660867866,38,0,NA,1,39899.390625
"peaknum",6254,703.19888149798,1641.53,1637.53,1647.51,726.274346765788,23,NA,NA,1,748.403198242188
"peaknum",2837,705.472692443747,811.289,804.304,826.257,742.597034376356,37,0,0,1,22862.580078125
"peaknum",5674,706.218769474802,1491.84,1476.88,1506.81,733.30803723261,27,0,NA,1,20960.166015625
"peaknum",5600,706.720377149287,1491.84,1478.87,1506.81,732.807210122585,26,NA,NA,1,13535.71484375
"peaknum",2058,707.481008617225,812.287,805.302,829.251,740.591218648097,33,NA,NA,1,2730.357421875
"peaknum",5563,707.723486335048,1492.49893281772,1483.86,1500.83,732.807210122585,25,NA,NA,1,2563.33154296875
"peaknum",2059,708.484952219393,813.285,807.298,826.257,743.605866195428,35,NA,NA,1,921.562377929688
"peaknum",6113,710.426617823088,1539.74,1535.75,1556.71,744.540245674171,34,0,0,1,17996.546875
"peaknum",6104,712.43368000532,1540.74,1534.75,1557.7,746.545192943943,34,NA,NA,1,1690.32360839844
"peaknum",3488,714.439543118278,923.051,918.061,927.042,746.548516383627,32,0,NA,1,688.388916015625
"peaknum",8312,715.383287137141,3256.1,3246.12,3269.07,744.148630567464,86,NA,NA,3,1928.83959960938
"peaknum",1683,716.491272638876,787.558192670465,779.357,801.31,753.61425592085,37,0,0,1,6019.98291015625
"peaknum",1616,716.52517922505,156.678,129.735,178.631,755.656060448369,39,NA,NA,1,23958.734375
"peaknum",11586,717.52839194974,3548.485,3470.65,3601.37,753.648517580658,36,NA,NA,1,17688.080078125
"peaknum",1005,717.528995476679,155.68,129.735,176.635,755.656060448369,38,NA,NA,1,11075.1083984375
"peaknum",10833,719.488283436422,3330.95,3314.98,3349.91,757.615681950285,38,0,0,1,45300.71484375
"peaknum",5092,719.489220288495,811.289,797.319,827.255,757.616515113554,38,0,0,1,1332251
"peaknum",1702,720.518479935795,793.327,787.34,797.319,758.647514671981,38,0,NA,1,1458.10961914062
"peaknum",10423,721.503269517423,3372.86,3353.9,3389.82,759.631382611586,38,NA,NA,1,2259.22802734375
"peaknum",7909,721.635990061416,2114.52,2108.54,2126.5,741.702494267911,20,0,0,1,1196.21960449219
"peaknum",9838,722.497596168051,3331.95,3305,3356.89,754.605603541436,32,NA,NA,1,1310.47106933594
"peaknum",1974,724.503719610765,812.786,806.3,819.272,760.622002734026,36,NA,NA,1,735.71630859375
"peaknum",4806,725.236473260039,1173.52,1128.62,1213.44,749.31875606125,24,NA,NA,1,1518.35668945312
"peaknum",8181,726.214337634909,2400.91,2394.93,2406.9,756.313618125976,30,0,NA,1,1044.7958984375
"peaknum",5335,727.223744290473,1463.91,1451.93,1502.82,754.31427601647,27,0,0,1,2507.25463867188
"peaknum",6152,728.153590594236,1611.05166928608,1604.61,1622.57,751.231024946978,23,0,NA,1,2374.64111328125
"peaknum",8076,728.152681234432,2247.69317681422,2242.25,2258.22,751.230166522907,23,NA,NA,1,1316.10998535156
"peaknum",1807,730.508076426277,796.1822103004,791.332,811.289,768.633096773296,38,0,NA,1,13068.490234375
"peaknum",5579,733.213359210187,1494.84,1483.86,1501.82,758.296069991621,25,0,0,1,2112.39379882812
"peaknum",5230,733.504653727375,821.151100949438,804.304,838.232,772.63552184002,39,0,NA,1,835617.1875
"peaknum",11596,733.50424010712,3360.88,3343.92,3377.85,770.627989070455,37,0,0,1,307027.59375
"peaknum",5564,736.229411165,1490.85,1479.87,1505.82,763.318682389899,27,0,0,1,6872.54296875
"peaknum",5142,737.236536622345,1309.23,1292.27,1324.2,764.32772511082,27,0,NA,1,6490.52001953125
"peaknum",5553,737.232317345555,1491.84,1483.86,1499.83,763.318682389899,26,NA,NA,1,1907.56994628906
"peaknum",2217,739.523019180602,821.268,813.285,841.225,763.604360558857,24,NA,NA,1,494.148101806641
"peaknum",1605,741.519778031859,766.385,755.408,783.349,779.648193670019,38,NA,NA,1,1478.91918945312
"peaknum",7808,742.068797374619,2012.74,2002.76,2027.71,763.138964027177,21,0,NA,1,43646.16796875
"peaknum",11609,742.540450502873,3555.47,3498.59,3599.37,783.678060043639,41,0,0,1,6026.87939453125
"peaknum",5323,744.105547086848,1461.91,1454.92,1471.89,765.175214148442,21,0,NA,1,2581.72900390625
"peaknum",1975,744.520023686015,796.294902741865,783.349,813.285,784.654084572556,40,NA,NA,1,3048.71801757812
"peaknum",1798,745.522734708079,795.323,777.362,804.304,782.64835234211,37,0,0,1,2038.70361328125
"peaknum",5517,747.220135647793,1490.85,1482.87,1500.83,773.307482545661,26,0,NA,1,1445.02551269531
"peaknum",11615,747.519786999507,3378.84,3361.88,3396.81,786.650491469518,39,0,0,1,168381.296875
"peaknum",3461,747.519872370216,824.261,807.298,842.223,787.654236766031,40,0,0,1,234866.640625
"peaknum",5460,755.208750417352,1489.85,1485.86,1498.83,781.29361606706,26,0,0,1,636.023803710938
"peaknum",5023,758.245079392041,1271.65,1253.35,1282.29,786.339182664061,28,0,NA,1,949.116088867188
"peaknum",5296,760.082900846445,1462.91,1456.92,1468.89,781.151206437346,21,0,0,1,1161.56066894531
"peaknum",11622,761.535121413302,3524.53,3501.58,3540.5,802.672389334966,41,0,NA,1,8173.662109375
"peaknum",11621,761.535274923685,3412.77,3391.82,3431.73,802.673039533032,41,0,0,1,109848.265625
"peaknum",3780,761.535321360673,842.223,824.261,863.178,802.673169063367,41,0,0,1,119881.859375
"peaknum",2177,763.515973482253,811.289,801.31,823.264,803.648812394472,40,0,0,1,7813.04296875
"peaknum",6650,763.697367637633,1704.39,1694.41,1718.36,788.780351481949,25,0,NA,1,1121.6123046875
"peaknum",7638,764.050388963807,2012.74,2004.76,2026.71,785.12108992335,21,NA,NA,1,2114.20703125
"peaknum",7619,765.053428768399,2011.14193918925,2004.76,2018.73,785.12108992335,20,NA,NA,1,742.995788574219
"peaknum",8252,765.101451359029,2809.55,2786.1,2823.02,786.170571688396,21,NA,NA,1,688.006042480469
"peaknum",5141,767.247180032865,1309.23,1292.27,1325.2,795.344387203265,28,0,0,1,5076.732421875
"peaknum",1801,767.471797318793,798.317,792.33,804.304,805.600328873602,38,0,0,1,1115.9072265625
"peaknum",6068,767.72234537103,1535.25,1521.78,1549.72,794.813728996196,27,0,NA,1,1948.66540527344
"peaknum",6000,768.724573768531,1535.75,1531.76,1546.73,793.808832251503,25,NA,NA,1,832.327392578125
"peaknum",5103,768.7496577425,1310.15974599109,1301.25,1320.21,794.839499889339,26,NA,NA,1,822.637268066406
"peaknum",10892,773.534914268952,3384.83,3366.87,3405.79,815.675850070269,42,0,NA,1,16140.701171875
"peaknum",3321,773.53519030694,822.266,807.298,843.221,815.67594320406,42,0,NA,1,22812.283203125
"peaknum",11630,775.550327603284,3450.69,3413.77,3494.6,817.691153685345,42,NA,NA,1,4231.59375
"peaknum",11631,775.550909815016,3531.52,3500.58,3559.46,817.691322458184,42,0,NA,1,5121.4423828125
"peaknum",3340,775.550352944408,855.195,837.234,887.127,817.691084601394,42,0,NA,1,3588.08569335938
"peaknum",3294,776.553764280342,857.191,834.24,890.121,816.68740879443,40,NA,NA,1,1807.28015136719
"peaknum",7126,777.343509318981,1893,1889,1897.99,811.458532846886,34,NA,NA,1,531.059692382812
"peaknum",5604,778.239327357628,1496.84,1488.85,1502.82,807.335855345947,29,0,NA,1,894.353149414062
"peaknum",5582,778.740939090724,1498.83,1491.84,1501.82,806.833758139398,28,NA,NA,1,631.204284667969
"peaknum",1976,779.509243891008,811.289,806.3,824.261,819.642409557678,40,0,NA,1,531.908630371094
"peaknum",6415,783.219903508516,1644.97706586275,1630.55,1661.48,810.311221618618,27,0,0,1,10331.666015625
"peaknum",6349,784.223623758457,1645.52,1636.54,1659.49,811.31488003197,27,NA,NA,1,3018.36450195312
"peaknum",6603,784.150807842394,1693.41,1683.44,1708.38,811.241643791619,27,0,0,1,12065.8720703125
"peaknum",6276,784.7235798895,1643.52,1636.54,1653.5,811.814637210609,27,NA,NA,1,1122.01806640625
"peaknum",5870,787.244869751449,1497.83,1483.86,1513.8,817.344386482808,30,0,0,1,40989.91015625
"peaknum",10980,787.550632528696,3418.76,3396.81,3436.72,830.694852437451,43,0,NA,1,7796.73681640625
"peaknum",3251,787.550297881842,840.227,821.268,861.183,830.694541915172,43,0,NA,1,8947.4267578125
"peaknum",5818,787.746778054172,1497.83,1483.86,1513.8,816.843475629781,29,NA,NA,1,29639.22265625
"peaknum",5711,788.749399616303,1498.48541755604,1487.85,1514.8,816.843475629781,28,0,0,1,5621.24609375
"peaknum",11646,789.566167929343,3539.5,3501.58,3575.43,832.710255694999,43,NA,NA,1,5980.93505859375
"peaknum",11647,790.569850558491,3531.52,3500.58,3550.48,831.706817431626,41,NA,NA,1,2829.14038085938
"peaknum",4188,791.463262897053,1054.77,1040.8,1070.74,830.591440379409,39,NA,NA,1,2279.3642578125
"peaknum",5618,798.235695735356,1498.83,1489.85,1503.82,827.331900694952,29,0,0,1,1369.1875
"peaknum",2234,801.491219219855,812.287,805.302,828.253,839.618097510361,38,0,NA,1,2779.18725585938
"peaknum",6158,804.225354475813,1622.57,1614.58,1631.55,832.321446548983,28,0,NA,1,1015.72583007812
"peaknum",6577,806.132261208709,1693.41,1684.43,1700.4,833.223815065878,27,0,0,1,1491.14819335938
"peaknum",4792,807.240683429288,1173.52,1160.55,1181.51,831.321391101681,24,NA,NA,1,852.609252929688
"peaknum",8131,808.119560547697,2248.70716063923,2237.26,2264.21,831.196361173565,23,0,NA,1,19765.1640625
"peaknum",5399,808.249765363761,1473.88,1456.92,1489.85,839.352276834199,31,NA,NA,1,8401.5322265625
"peaknum",5400,808.751812043595,1473.88,1456.92,1486.86,838.852327805658,30,NA,NA,1,5648.671875
"peaknum",7554,808.95765807093,1924.93,1915.95,1933.91,840.061250876516,31,NA,NA,1,2435.08544921875
"peaknum",7532,809.292801956578,1923.93,1915.95,1932.91,840.397258926766,31,NA,NA,1,1668.01293945312
"peaknum",7504,809.625278824728,1922.93,1918.94,1927.92,840.731324482134,31,NA,NA,1,1151.09326171875
"peaknum",7648,810.532902426624,2018.73,2015.74,2022.72,843.143111763454,65,NA,NA,2,885.456604003906
"peaknum",5280,814.172467707725,1460.91,1455.92,1466.9,835.242638288723,21,0,0,1,2658.0283203125
"peaknum",5712,814.238060981795,1500.83,1456.92,1534.75,842.331484084967,28,0,0,1,2938.11352539062
"peaknum",5677,814.738816584344,1501.825,1490.85,1509.81,843.836670537719,29,NA,NA,1,2347.5615234375
"peaknum",10094,815.503037442011,3359.88,3340.93,3373.86,854.63728059163,39,NA,NA,1,926.40966796875
"peaknum",5137,816.235854690284,1310.98497638502,1294.27,1331.19,843.327550375732,27,NA,NA,1,1248.11950683594
"peaknum",5780,817.255245979951,1497.83,1485.86,1512.8,847.354570243479,30,0,NA,1,12065.4345703125
"peaknum",5699,817.756944513181,1497.83,1486.86,1510.8,846.854149087334,29,0,NA,1,9534.2705078125
"peaknum",5162,818.263168388621,1327.2,1311.23,1341.17,848.364664442592,30,NA,NA,1,3185.3193359375
"peaknum",5159,818.765046436338,1327.2,1310.23,1342.17,847.86312386194,29,NA,NA,1,2474.06811523438
"peaknum",2064,819.413286880268,812.287,808.296,823.264,857.539764403247,38,0,0,1,2463.90795898438
"peaknum",7505,822.627219602316,1918.94,1908.96,1929.92,856.070258060589,100,0,0,3,4458.90673828125
"peaknum",4797,823.213763834711,1173.52,1167.53,1180.51,847.294679571994,24,0,NA,1,1426.31848144531
"peaknum",7493,823.29662827833,1917.94,1907.97,1926.93,855.403599380449,32,0,NA,1,3941.24877929688
"peaknum",4952,827.268974541445,1222.42,1207.45,1237.39,857.369275776885,30,0,0,1,15401.2666015625
"peaknum",5658,828.246286104787,1496.84,1487.85,1505.82,858.34385910624,30,NA,NA,1,2450.01098632812
"peaknum",5681,828.747270499286,1497.83,1490.85,1506.81,857.844898370751,29,NA,NA,1,2044.35754394531
"peaknum",8090,830.101263910048,2248.24,2240.26,2256.22,853.178125724995,23,NA,NA,1,1956.88549804688
"peaknum",4906,830.27755481767,1221.42,1216.43,1226.41,855.363512377674,25,NA,NA,1,828.121704101562
"peaknum",6030,832.268888571229,1538.74,1535.75,1542.74,862.369386624117,30,0,0,1,6983.81494140625
"peaknum",2331,833.430227130241,821.268,818.274,833.242,872.55968585403,39,NA,NA,1,1475.99108886719
"peaknum",5268,836.15193191035,1461.91,1455.92,1465.9,857.221873319808,21,0,NA,1,1248.24670410156
"peaknum",7428,836.630997562354,1912.96,1902.98,1926.93,870.744389031141,102,0,0,3,14953.1357421875
"peaknum",5620,836.732912382869,1498.36803540431,1487.85,1503.82,864.82903098211,28,0,NA,1,1174.9453125
"peaknum",9840,837.553037172516,3339.93,3322.96,3367.87,873.672797009065,36,NA,NA,1,719.043090820312
"peaknum",5369,838.260014978522,1472.89,1459.91,1483.86,868.361892799507,30,0,0,1,2699.33520507812
"peaknum",1694,839.529982291592,775.366,763.391,794.325,880.66755126117,41,0,0,1,2881.4580078125
"peaknum",7621,840.045357212776,2011.74,2007.75,2018.73,861.114842241496,21,NA,NA,1,914.544006347656
"peaknum",1852,840.526026850363,796.321,781.353,813.285,880.660573217573,40,NA,NA,1,3339.22778320312
"peaknum",7322,843.958851669756,1912.96,1908.96,1921.94,877.066341699934,33,0,0,1,922.906066894531
"peaknum",6686,844.723790201469,1707.39,1676.45,1738.32,872.818727137972,28,0,0,1,3812.2421875
"peaknum",6683,845.226131725639,1707.885,1676.45,1725.35,874.319853728048,29,0,0,1,2294.802734375
"peaknum",1878,845.551018203677,775.366,761.396,791.332,880.66755126117,35,NA,NA,1,4889.46875
"peaknum",1945,846.546805743957,796.321,773.37,815.281,880.660573217573,34,0,0,1,7503.27880859375
"peaknum",7324,850.634645928417,1908.96,1899.98,1923.93,884.748832159694,34,0,NA,1,13499.115234375
"peaknum",7338,850.968706586696,1908.96,1899.98,1922.93,885.082037844768,34,NA,NA,1,14287.7373046875
"peaknum",7369,851.303529460657,1908.96,1898.99,1923.93,884.414336876642,33,NA,NA,1,10066.0517578125
"peaknum",5253,852.125463377786,1460.91,1455.92,1464.9,873.195272194241,21,NA,NA,1,866.9423828125
"peaknum",1888,853.546389023889,792.33,774.368,811.289,895.686416039179,42,0,NA,1,7145.62255859375
"peaknum",7184,857.960175121274,1906.97,1901.98,1910.96,892.076635841422,34,NA,NA,1,686.370422363281
"peaknum",3623,858.499158096183,947.997,942.01,954.982,898.633610473617,40,0,0,1,2525.5771484375
"peaknum",1774,858.562110870069,792.33,778.359,810.291,894.681456364646,36,NA,NA,1,1150.3671875
"peaknum",2065,859.566305315767,793.327,775.366,811.289,895.686416039179,36,0,NA,1,17021.33984375
"peaknum",6939,860.721557150114,1838.11,1829.13,1846.09,888.816708797811,28,NA,NA,1,855.231689453125
"peaknum",1846,861.570821372303,797.319,777.362,815.281,888.660110213937,27,NA,NA,1,2355.30297851562
"peaknum",6470,864.246522954438,1647.51,1632.54,1664.48,894.347349510803,30,0,NA,1,29526.359375
"peaknum",7175,864.637056428457,1905.97,1899.98,1909.96,899.421572724598,104,0,NA,3,1774.79345703125
"peaknum",6421,865.250120401214,1647.99232405584,1636.54,1664.48,895.351477029508,30,NA,NA,1,10810.857421875
"peaknum",7176,865.641563465911,1907.30333333333,1900.98,1909.96,909.291664110166,87,NA,NA,2,794.619262695312
"peaknum",6350,866.251936047478,1647.51,1639.53,1659.49,893.344193008994,27,0,NA,1,1464.45092773438
"peaknum",7534,866.610851740154,1924.93,1919.94,1930.92,898.72030780932,32,0,0,1,845.259582519531
"peaknum",6452,867.349113391814,1663.48,1657.49,1670.46,901.461788848422,34,0,0,1,1643.88000488281
"peaknum",8599,868.037994686902,3264.09,3258.1,3278.06,903.824056891958,107,0,NA,3,1843.8076171875
"peaknum",5967,868.27139736561,1504.82,1489.85,1519.79,901.38027759426,33,0,0,1,39379.33203125
"peaknum",2801,868.557640250939,810.291,793.327,825.259,911.70055084236,43,NA,NA,1,5156.505859375
"peaknum",5881,869.274374699554,1503.82,1492.84,1519.79,901.38027759426,32,NA,NA,1,18042.59375
"peaknum",5968,869.756871932994,1522.78,1513.8,1530.76,900.860593885786,31,0,0,1,1419.70837402344
"peaknum",2473,869.561416556256,811.289,794.325,834.24,910.699753767612,41,NA,NA,1,2368.14965820312
"peaknum",3352,870.582965856527,882.138,872.159,898.104,908.709671626034,38,0,NA,1,1076.46948242188
"peaknum",5664,870.775504391466,1502.82,1497.83,1505.82,901.883088830344,31,NA,NA,1,794.470275878906
"peaknum",3232,874.578124462028,810.291,792.33,827.255,911.70055084236,37,0,0,1,10322.0576171875
"peaknum",6323,875.237126104631,1648.51,1636.54,1659.49,906.339535057039,31,0,0,1,1638.72265625
"peaknum",11681,876.474231997236,3535.51,3503.58,3564.45,913.597706327182,37,NA,NA,1,18954.080078125
"peaknum",1485,876.475105276238,632.67,537.873,728.466,913.600082430911,37,NA,NA,1,11738.0048828125
"peaknum",11682,877.477099701725,3537.51,3501.58,3569.44,913.597706327182,36,0,0,1,9926.7939453125
"peaknum",1980,877.540212330998,808.296,802.308,816.278,913.662937451767,36,0,0,1,4655.91357421875
"peaknum",5739,879.261423273186,1504.82,1497.83,1513.8,912.367675532073,33,0,0,1,1270.07482910156
"peaknum",6122,879.966424356867,1578.66,1574.67,1584.65,917.591739248438,75,0,NA,2,792.071838378906
"peaknum",5740,880.264762649094,1505.82,1478.87,1509.81,912.367675532073,32,NA,NA,1,585.299194335938
"peaknum",7484,881.617411119635,1920.94,1913.95,1925.93,912.719474898952,31,NA,NA,1,665.006652832031
"peaknum",6199,885.252260974775,1625.0189107767,1610.59,1641.53,916.355699792048,31,NA,NA,1,6268.2666015625
"peaknum",10746,885.554991648614,3399.8,3377.85,3419.76,921.673988691392,36,NA,NA,1,1840.49389648438
"peaknum",6194,885.753933293615,1624.56,1613.59,1641.53,917.859609811593,32,NA,NA,1,4567
"peaknum",7836,886.309206270476,2082.59,2076.61,2089.58,918.417214205234,32,0,0,1,1193.94165039062
"peaknum",10627,886.558004254421,3398.8,3379.84,3414.77,921.673988691392,35,NA,NA,1,1366.91381835938
"peaknum",4927,887.28908941013,1222.42,1180.51,1229.41,917.389940294502,30,NA,NA,1,1213.05920410156
"peaknum",5718,887.751976208273,1504.82,1500.83,1508.81,918.856752040828,31,NA,NA,1,584.914001464844
"peaknum",5506,889.276602031318,1481.87,1467.9,1496.84,923.389826232431,34,NA,NA,1,15759.6748046875
"peaknum",5484,889.778478895959,1481.87,1466.9,1494.84,922.888928768574,33,0,NA,1,12068.7021484375
"peaknum",1410,890.490536012826,655.621,585.77,721.481,929.618433989446,39,NA,NA,1,4582.650390625
"peaknum",6351,891.240438716615,1650.51,1644.52,1656.49,921.339534904096,30,0,NA,1,791.537414550781
"peaknum",11689,892.493260263876,3536.51,3502.58,3560.46,927.612645657885,35,NA,NA,1,1712.00061035156
"peaknum",7437,893.986605516259,1921.09947927131,1915.95,1925.93,926.093450545483,32,NA,NA,1,703.140991210938
"peaknum",7467,894.618492500307,1914.95,1903.98,1924.93,928.729636539303,34,0,NA,1,1284.37377929688
"peaknum",7510,894.953535266399,1917.94,1904.97,1927.92,928.064236756042,33,NA,NA,1,1963.26000976562
"peaknum",7438,895.288565866134,1918.42801110246,1905.97,1936.9,928.396936007699,33,NA,NA,1,1417.35668945312
"peaknum",5820,895.263867725961,1506.81,1494.84,1520.78,926.369613489937,31,0,NA,1,2153.40112304688
"peaknum",5803,895.767351601932,1506.81,1499.83,1513.8,931.885509055949,36,NA,NA,1,1587.51611328125
"peaknum",5831,898.281563774476,1503.82,1492.84,1517.79,931.39014256448,33,NA,NA,1,10269.4892578125
"peaknum",7157,898.41645659748,1904.97,1898.99,1911.96,943.068940561624,89,NA,NA,2,750.295959472656
"peaknum",5821,898.78322856549,1504.12219967541,1493.84,1514.8,930.890366358878,32,0,NA,1,7608.99072265625
"peaknum",5175,899.29053363682,1342.17,1327.2,1351.15,932.401602112181,33,NA,NA,1,1344.20300292969
"peaknum",2755,899.551539169719,811.289,803.306,826.257,942.695868690247,43,0,0,1,39851.1171875
"peaknum",6326,905.247324180906,1647.51,1640.53,1654.5,935.349867826935,30,0,0,1,1032.26025390625
"peaknum",7308,907.321573872721,1913.43122569684,1902.98,1917.94,940.432408202325,33,NA,NA,1,1099.88000488281
"peaknum",10335,907.468480948506,3361.88,3345.92,3378.84,946.598412543368,39,0,0,1,6862.19287109375
"peaknum",7372,907.655322086314,1915.44776925538,1903.98,1923.93,940.765668306255,33,0,NA,1,1238.20886230469
"peaknum",7213,908.623565644824,1905.97,1900.98,1916.95,942.736263714001,34,NA,NA,1,1483.97668457031
"peaknum",7252,908.956873314015,1906.97,1898.99,1918.94,943.068940561624,34,NA,NA,1,2296.2802734375
"peaknum",7214,909.291664110166,1906.46507605323,1898.99,1925.93,943.40446986533,34,NA,NA,1,1344.79577636719
"peaknum",5783,909.272396621426,1504.82,1495.84,1513.8,941.379963131355,32,0,NA,1,2383.08642578125
"peaknum",4928,909.272332989272,1221.42,1213.44,1237.39,939.372672680323,30,0,NA,1,2691.0693359375
"peaknum",7225,909.625437304568,1906.97,1900.98,1914.95,942.736263714001,33,NA,NA,1,1190.76843261719
"peaknum",5256,910.281267798153,1454.92,1441.95,1481.87,944.395536366119,34,0,0,1,1091.22863769531
"peaknum",4916,911.274967097038,1221.42,1217.43,1227.41,938.368936989852,27,NA,NA,1,453.239807128906
"peaknum",2898,913.567009926035,820.27,805.302,839.229,957.714601274567,44,0,0,1,12815.208984375
"peaknum",5451,916.268978170902,1484.86,1478.87,1491.84,953.895443987417,75,0,NA,2,1000.00244140625
"peaknum",5452,919.287002111459,1480.87,1466.9,1495.84,953.399944403332,34,0,0,1,9782.708984375
"peaknum",5464,919.788739374932,1481.32187582928,1467.9,1496.84,952.898792354228,33,NA,NA,1,7731.9541015625
"peaknum",7227,921.325100543918,1906.97,1900.98,1917.94,955.437439524879,34,0,NA,1,890.494873046875
"peaknum",7127,921.725308206891,1879.02,1864.05,1895.99,950.822369640539,29,0,0,1,4003.7216796875
"peaknum",7113,922.227402037682,1878.19308769249,1856.07,1894.99,951.325247772221,29,NA,NA,1,3164.01806640625
"peaknum",4944,925.245309505177,1221.42,1211.44,1233.4,954.343975395405,29,0,NA,1,3928.79833984375
"peaknum",6693,925.750255213006,1707.39,1674.46,1733.33,956.854631166388,31,NA,NA,1,4678.1337890625
"peaknum",6675,926.25235616638,1684.43,1676.45,1693.41,957.355672532986,31,NA,NA,1,1038.47485351562
"peaknum",6674,926.252756238277,1708.38,1693.41,1726.35,958.357237808898,32,NA,NA,1,3218.9931640625
"peaknum",4924,927.248254707112,1223.42,1222.42,1228.41,956.345961771158,29,NA,NA,1,707.307189941406
"peaknum",2947,927.581952866948,825.259,804.304,854.198,967.716388437757,40,0,0,1,3285.29833984375
"peaknum",5179,929.300899267404,1341.17,1327.2,1377.09,962.410737385725,33,NA,NA,1,899.111145019531
"peaknum",5422,930.278167461887,1480.87,1470.89,1490.85,963.388778653408,33,NA,NA,1,1812.91796875
"peaknum",5432,930.778561730659,1480.87,1471.89,1491.84,963.886552434989,33,NA,NA,1,1685.55517578125
"peaknum",3233,933.602592403175,825.259,807.298,846.215,973.736201941077,40,0,0,1,7519.50732421875
"peaknum",9625,934.498070945234,3299.01,3283.04,3318.97,978.644669192951,44,NA,NA,1,1613.50891113281
"peaknum",10893,935.499906873622,3415.77,3375.85,3460.67,976.637106299954,41,0,0,1,3312.11401367188
"peaknum",5383,938.26532514739,1480.87,1473.88,1486.86,971.374271456115,33,NA,NA,1,968.47412109375
"peaknum",6948,941.247261812145,1834.12,1818.15,1848.09,973.3555688089,32,0,0,1,2184.61938476562
"peaknum",6991,941.750038869394,1836.12,1821.15,1853.08,973.854237562581,32,NA,NA,1,2146.15991210938
"peaknum",6448,945.272775262027,1650.51,1635.54,1666.47,979.38658688032,34,0,NA,1,24231.857421875
"peaknum",6434,946.2762615417,1650.51,1637.53,1666.47,979.38658688032,33,0,NA,1,10646.5361328125
"peaknum",6589,947.257392529884,1687.43,1659.49,1704.39,979.36570102048,32,NA,NA,1,1204.00085449219
"peaknum",6371,947.277995080056,1650.51,1642.52,1660.48,980.39000032353,33,0,0,1,1818.46142578125
"peaknum",3217,947.617892219372,843.221,827.255,867.17,988.755316674975,41,0,0,1,4494.228515625
"peaknum",9843,948.512393836227,3336.93,3309.99,3361.88,993.662247325285,45,NA,NA,1,1138.76782226562
"peaknum",5895,949.298042864204,1509.81,1496.84,1524.78,985.417495297808,36,0,NA,1,17907.55859375
"peaknum",5922,949.799514814825,1510.25863218279,1497.83,1524.78,984.914318538787,35,NA,NA,1,15301.990234375
"peaknum",9660,950.494376328606,3299.01,3280.05,3321.97,994.639189202562,44,0,NA,1,2366.83447265625
"peaknum",5984,950.780147694097,1528.16610611223,1499.83,1535.75,984.894955208354,34,0,NA,1,3010.83203125
"peaknum",11717,954.450956106652,3537.51,3505.57,3569.44,992.576562069377,38,0,NA,1,3298.42944335938
"peaknum",6400,956.264486794399,1651.5,1642.52,1661.48,989.373967869004,33,0,0,1,1577.80187988281
"peaknum",6357,957.265401934404,1650.97942444623,1640.53,1658.49,989.373967869004,32,NA,NA,1,927.535522460938
"peaknum",5824,960.288897553572,1509.81,1504.82,1514.8,995.406214914245,35,0,0,1,934.310119628906
"peaknum",6836,962.25564422231,1816.16,1810.17,1820.15,995.364564867586,33,0,NA,1,534.356811523438
"peaknum",9950,964.508518946436,3339.93,3317.97,3366.87,1009.65885628277,45,NA,NA,1,1627.03576660156
"peaknum",6232,966.278347358389,1628.55,1613.59,1645.52,1000.39236770513,34,NA,NA,1,14294.044921875
"peaknum",6219,966.779867419253,1628.55,1615.58,1644.52,1001.89626947029,35,NA,NA,1,11738.2392578125
"peaknum",6233,967.281567334626,1628.55,1616.58,1644.52,1001.39632073129,34,NA,NA,1,6814.6279296875
"peaknum",5646,970.303203565803,1489.85,1475.88,1504.82,1007.42643573453,37,NA,NA,1,12017.6435546875
"peaknum",5647,970.804952181691,1489.85,1472.89,1508.81,1006.92436449616,36,NA,NA,1,10547.5517578125
"peaknum",5571,971.306430853865,1489.85,1476.88,1500.83,1007.42643573453,36,NA,NA,1,6517.5712890625
"peaknum",5521,971.806840297824,1489.85,1475.88,1500.83,1006.92436449616,35,NA,NA,1,2537.1259765625
"peaknum",5839,976.791921156908,1511.8,1507.81,1516.79,1010.90561987949,34,NA,NA,1,722.760009765625
"peaknum",6172,977.26794875587,1627.56,1619.57,1636.54,1011.38258906095,34,0,NA,1,1186.8701171875
"peaknum",1249,978.638707323855,581.779,567.809,602.734,1015.76224616596,37,0,0,1,1124.4794921875
"peaknum",5871,979.308457203427,1508.81,1500.83,1518.79,1014.42574529204,35,0,NA,1,4178.76904296875
"peaknum",5883,979.809749082222,1509.81,1500.83,1524.78,1014.92512111241,35,NA,NA,1,4294.2841796875
"peaknum",5841,980.80909794416,1509.81,1503.82,1516.79,1014.92512111241,34,NA,NA,1,977.854675292969
"peaknum",5477,981.294062753524,1489.85,1483.86,1493.84,1017.41475842317,36,NA,NA,1,794.3291015625
"peaknum",6166,985.758779351104,1628.55,1623.56,1636.54,1019.87209527142,34,NA,NA,1,681.027893066406
"peaknum",6341,986.270599747807,1650.51,1641.53,1657.49,1019.38423542477,33,0,NA,1,972.272033691406
"peaknum",5017,989.320884131783,1257.35,1242.38,1272.31,1025.44154215537,36,0,0,1,8365.2294921875
"peaknum",5825,990.300465801066,1509.81,1502.82,1514.8,1025.41558432913,35,0,0,1,1176.12463378906
"peaknum",5826,990.800965946532,1508.81,1505.82,1516.79,1025.91409900743,35,NA,NA,1,1116.009765625
"peaknum",5342,991.306365796595,1471.89,1455.92,1475.88,1028.43237301267,37,NA,NA,1,822.084594726562
"peaknum",5486,997.797601148313,1491.0975,1486.86,1494.84,1032.91301340985,35,NA,NA,1,524.395080566406
"peaknum",5557,1000.31328291907,1488.85,1474.88,1499.83,1037.43542525492,37,0,0,1,4533.41845703125
"peaknum",6676,1006.77675619507,1709.38,1679.44,1724.35,1040.89050225537,34,0,0,1,1625.14416503906
"peaknum",5493,1011.30413790238,1488.85,1478.87,1497.83,1047.42515851201,36,0,0,1,989.858276367188
"peaknum",6080,1016.45161836562,1538.74,1534.75,1545.73,1059.59580389966,43,0,0,1,13203.01171875
"peaknum",5446,1019.28814149973,1486.86,1483.86,1493.84,1055.41254515107,36,NA,NA,1,568.213317871094
"peaknum",6920,1022.27380669267,1829.63,1818.15,1841.1,1058.39777469872,36,NA,NA,1,1385.51184082031
"peaknum",6891,1023.27805357272,1829.6559799885,1815.16,1840.11,1058.39777469872,35,NA,NA,1,767.000366210938
"peaknum",6440,1026.29910517555,1652.5,1637.53,1667.47,1063.42275204501,37,0,NA,1,8628.896484375
"peaknum",6424,1026.80148554495,1653.44335963024,1640.53,1668.47,1063.92396456544,37,0,0,1,7663
"peaknum",6591,1027.78199243191,1688.425,1663.48,1704.39,1062.90074193303,35,0,0,1,3921.15893554688
"peaknum",6566,1028.28410547804,1687.43,1675.45,1703.39,1063.40188341497,35,NA,NA,1,3971.95092773438
"peaknum",5923,1030.3232357722,1514.8,1502.82,1522.78,1069.45219114577,39,0,0,1,4201.21142578125
"peaknum",5996,1031.80817571166,1533.76,1527.77,1539.74,1068.93134749017,37,NA,NA,1,846.041687011719
"peaknum",6359,1037.29100436794,1652.5,1645.52,1660.48,1073.41307002454,36,0,NA,1,658.455688476562
"peaknum",6834,1043.28015336324,1813.16,1805.18,1822.14,1079.39997532845,36,NA,NA,1,1186.30480957031
"peaknum",6262,1047.30464096665,1632.045,1621.57,1647.51,1084.42846390746,37,0,NA,1,9274.2802734375
"peaknum",6243,1047.80654161084,1631.55,1620.57,1648.51,1085.93343606654,38,0,NA,1,8074.09521484375
"peaknum",5686,1051.32882079729,1496.31684652732,1483.86,1513.8,1091.46283138356,40,NA,NA,1,4452.48193359375
"peaknum",5687,1051.8311438055,1495.84,1483.86,1515.79,1090.96126397623,39,NA,NA,1,4178.18701171875
"peaknum",6201,1058.29413608034,1633.368433219,1624.56,1644.52,1095.41780458701,37,0,NA,1,754.980895996094
"peaknum",6186,1059.29944189649,1630.55,1626.56,1636.54,1095.41780458701,36,NA,NA,1,656.7958984375
"peaknum",5898,1060.33393609085,1513.8,1508.81,1520.78,1099.46000396347,39,NA,NA,1,1338.04675292969
"peaknum",5886,1060.83606343349,1514.8,1507.81,1519.79,1097.95970455372,37,0,0,1,1056.49304199219
"peaknum",7769,1067.04486882558,2022.72,2012.74,2028.71,1110.18887183473,129,0,0,3,829.688903808594
"peaknum",7788,1067.71183466518,2021.72,2009.75,2030.7,1109.85277209264,42,0,NA,1,1401.90625
"peaknum",7789,1081.04747336265,2020.050098472,2009.75,2034.7,1125.19514443007,132,NA,NA,3,13853.939453125
"peaknum",5591,1081.33801626116,1494.84,1486.86,1504.82,1120.46955438762,39,NA,NA,1,1379.26098632812
"peaknum",7799,1081.38199200415,2019.73,2008.75,2035.69,1124.85974136965,130,NA,NA,3,20173.63671875
"peaknum",7801,1081.71652579231,2019.73,2009.75,2034.7,1124.85974136965,43,NA,NA,1,18050.751953125
"peaknum",7797,1082.05121171652,2020.20125369494,2010.75,2034.7,1125.19514443007,43,0,0,1,12762.314453125
"peaknum",7790,1082.38472697137,2019.98,2009.75,2030.7,1123.52327045151,41,0,0,1,6077.2041015625
"peaknum",7731,1082.71885240447,2018.49618793337,2010.75,2026.71,1124.85974136965,42,NA,NA,1,2667.04931640625
"peaknum",4991,1087.29786594329,1257.35,1249.36,1263.33,1125.42015676652,38,0,0,1,1631.55017089844
"peaknum",7770,1088.37545686463,2020.16462669722,2012.74,2028.71,1131.85314754269,130,0,NA,3,1188.38952636719
"peaknum",5361,1089.33686554323,1474.26109796714,1465.9,1481.87,1129.47083083315,40,NA,NA,1,1464.80126953125
"peaknum",7734,1089.37865033275,2019.73,2014.74,2026.71,1130.51896561182,41,NA,NA,1,1108.08093261719
"peaknum",6863,1103.30201610007,1825.80492182883,1815.16,1830.13,1141.42450177764,38,NA,NA,1,695.25
"peaknum",6427,1107.3258410525,1654.5,1643.52,1664.48,1147.46123640937,40,0,0,1,1777.166015625
"peaknum",5938,1111.34980213638,1518.99813509185,1511.8,1523.78,1153.48927561092,42,0,NA,1,1631.78466796875
"peaknum",5946,1111.85196727885,1518.36723095493,1508.81,1524.78,1152.98795190942,41,0,NA,1,1976.35693359375
"peaknum",7774,1113.70672236045,2018.73,2012.74,2028.71,1155.84946775958,42,NA,NA,1,1920.96325683594
"peaknum",6244,1128.33154506607,1633.54,1623.56,1645.52,1169.46596059567,41,0,NA,1,3408.53271484375
"peaknum",6237,1129.33421860635,1634.54,1625.56,1644.52,1169.46596059567,40,0,0,1,2398.986328125
"peaknum",5730,1132.3556336826,1500.83,1488.85,1510.8,1174.49615509805,42,0,0,1,2263.5380859375
"peaknum",5750,1132.85817040572,1499.83,1491.84,1509.81,1174.99594848759,42,NA,NA,1,1893.19665527344
"peaknum",5668,1133.85981539933,1501.82,1493.84,1505.82,1174.99594848759,41,NA,NA,1,699.136779785156
"peaknum",7670,1137.17623662829,2020.73,2016.73,2023.72,1191.35293066587,54,NA,NA,1,613.00146484375
"peaknum",7777,1139.03632293386,2018.73,2012.74,2028.71,1181.17514880487,42,0,0,1,3350.11889648438
"peaknum",7778,1139.36959545867,2019.73,2009.75,2043.68,1181.51195706466,42,0,0,1,4921.11083984375
"peaknum",7755,1139.70328095793,2019.73,2011.74,2031.7,1181.8461135094,42,0,0,1,4615.71923828125
"peaknum",5926,1141.35949272229,1518.79,1514.8,1522.78,1182.49729470639,41,NA,NA,1,727.108337402344
"peaknum",5061,1151.37405243704,1285.29,1272.31,1295.26,1193.51467998379,42,0,0,1,4534.240234375
"peaknum",5653,1162.86758172449,1499.83,1494.84,1508.81,1204.00273093127,41,NA,NA,1,814.686096191406
"peaknum",7913,1192.33473237659,2113.53,2106.54,2123.51,1233.47106267503,41,0,0,1,4262.119140625
"peaknum",2656,1198.78846700296,834.24,826.257,841.225,1259.99256433356,61,0,NA,1,619.119995117188
"peaknum",2722,1212.80416182487,834.24,829.251,841.225,1275.01120929366,62,NA,NA,1,645.735656738281
"peaknum",7558,1213.43783785604,1924.41498395154,1908.96,1934.91,1262.6014651491,98,0,NA,2,5982.48828125
"peaknum",2759,1213.80662914684,836.236,828.253,842.223,1275.01120929366,61,NA,NA,1,587.001647949219
"peaknum",2761,1226.81920472504,838.232,835.238,842.223,1290.02911508062,63,0,NA,1,804.220825195312
"peaknum",7548,1234.44302212669,1919.44,1904.97,1932.91,1284.60915058125,100,NA,NA,2,12284.7373046875
"peaknum",7542,1234.9445309073,1918.94,1908.96,1934.91,1284.60915058125,99,NA,NA,2,14998.25390625
"peaknum",7535,1255.44865891656,1913.95,1898.99,1928.92,1306.61799189878,102,NA,NA,2,36224.1875
"peaknum",7569,1255.95030490088,1913.95,1898.99,1928.92,1306.11661066055,100,NA,NA,2,44481.328125
"peaknum",7559,1256.45169556792,1913.95,1898.99,1928.92,1306.61799189878,50,NA,NA,1,31560
"peaknum",7415,1266.44040287779,1914.95,1904.97,1922.93,1317.60914842655,102,0,NA,2,1531.38232421875
"peaknum",7416,1266.94037798854,1913.95,1905.97,1922.93,1317.60914842655,101,0,0,2,1955.01293945312
"peaknum",7561,1276.45401948193,1907.97,1897.99,1923.93,1328.12498596944,103,NA,NA,2,32839.02734375
"peaknum",7537,1276.95546131585,1907.97,1896.99,1923.93,1328.12498596944,51,NA,NA,1,42171.203125
"peaknum",7499,1277.45685393978,1907.97,1897.99,1923.93,1328.62660998246,51,0,0,1,28010.244140625
"peaknum",9367,1280.54814541873,3266.08,3251.11,3282.05,1334.22770011408,107,NA,NA,2,2921.73413085938
"peaknum",7195,1283.95676076403,1906.97,1903.98,1913.95,1335.13096693253,51,NA,NA,1,368.848907470703
"peaknum",7278,1297.45911988233,1904.97,1895.99,1914.95,1350.1323296606,105,0,0,2,6099.2900390625
"peaknum",7849,1297.79327291672,2106.54,2098.56,2115.52,1349.96638607351,156,0,NA,3,1481.21166992188
"peaknum",7258,1298.46092657426,1905.72,1897.99,1918.94,1350.63420922273,52,NA,NA,1,4591.22216796875
"peaknum",9266,1309.06203625072,3272.69236483627,3260.09,3287.04,1363.24391515501,54,NA,NA,1,2826.57397460938
"peaknum",1961,1395.9770083409,812.143646680359,807.298,815.281,1468.21335192073,72,NA,NA,1,705.926086425781
"peaknum",2038,1413.96288717293,813.285,809.293,817.276,1486.20056832663,72,0,0,1,1109.90515136719
"peaknum",2540,1423.00294443112,821.234627236815,807.298,838.232,1499.25477142006,76,NA,NA,1,2166.37768554688
"peaknum",2410,1424.00508873279,820.27,812.287,836.236,1499.25477142006,75,0,0,1,2145.51000976562
"peaknum",2000,1425.96966887467,812.786,808.296,816.278,1501.21864298102,75,NA,NA,1,1111.13037109375
"peaknum",2039,1426.96618285372,813.285,808.296,819.272,1502.2236263999,75,NA,NA,1,1227.10656738281
"peaknum",2130,1427.97788923848,814.4826,809.293,820.27,1503.2292000393,75,NA,NA,1,823.925903320312
"peaknum",2078,1428.97910131558,815.281,810.291,820.27,1500.21608199633,71,0,NA,1,487.313385009766
"peaknum",2586,1437.01656636373,824.261,811.289,843.221,1514.27314436392,77,0,0,1,1198.78771972656
"peaknum",2150,1439.98096637265,812.932288264101,806.3,821.268,1516.23551255607,76,0,NA,1,25818.185546875
"peaknum",8381,1444.56979674669,3260.09,3257.1,3264.09,1503.26099534049,117,NA,NA,2,763.061279296875
"peaknum",2412,1451.03273570112,831.247,818.274,848.21,1527.28096125135,76,NA,NA,1,638.246887207031
"peaknum",2659,1452.03193955624,833.310987340818,808.296,846.215,1529.28458351401,77,NA,NA,1,552.572326660156
"peaknum",2478,1453.99582089726,815.281,808.296,832.244,1531.25451809106,77,0,0,1,17496.982421875
"peaknum",2267,1457.00557281019,816.278,811.289,833.242,1533.25771019301,76,NA,NA,1,2210.38354492188
"peaknum",2220,1458.00870823874,817.276,812.287,825.259,1533.25771019301,75,NA,NA,1,855.609741210938
"peaknum",8413,1459.56525302769,3259.09,3256.1,3273.07,1521.2727229845,123,NA,NA,2,1560.08923339844
"peaknum",1964,1461.9635045765,811.289,807.298,817.276,1538.2168813733,76,0,NA,1,1032.86828613281
"peaknum",3074,1465.04813221887,844.219,817.276,866.172,1544.31168785561,79,0,NA,1,746.201171875
"peaknum",10135,1468.01133340704,3360.88,3346.91,3372.86,1545.2698075446,77,0,0,1,2076.93188476562
"peaknum",2616,1468.01162717075,819.272,808.296,836.236,1545.27006702266,77,0,NA,1,22332.95703125
"peaknum",2510,1470.01839845601,819.272,810.291,835.238,1543.2628481383,73,0,0,1,9298.1943359375
"peaknum",10028,1482.02387935901,3362.88,3357.89,3383.83,1561.29302707407,79,0,NA,1,604.478576660156
"peaknum",2687,1482.02647467866,821.268,810.291,838.232,1561.29208453484,79,0,0,1,10914.71484375
"peaknum",2340,1494.02714373484,817.276,811.289,830.249,1574.29895595216,80,0,0,1,2057.765625
"peaknum",10349,1496.04347863945,3377.85,3370.86,3388.82,1576.31127151937,80,NA,NA,1,769.14111328125
"peaknum",2618,1496.0404828896,824.261,810.291,841.225,1576.30953827433,80,NA,NA,1,2143.87280273438
"peaknum",10366,1497.04588830965,3378.84,3371.86,3385.83,1576.31127151937,79,NA,NA,1,704.594055175781
"peaknum",2689,1497.04527157769,825.131661908658,813.285,842.223,1576.30953827433,79,0,NA,1,1956.25451660156
"peaknum",10271,1498.04946993698,3376.85,3372.86,3380.84,1575.30801548413,77,NA,NA,1,339.610046386719
"peaknum",2377,1508.04361738521,821.268,813.285,833.242,1589.31424069293,81,0,0,1,1826.81176757812
"peaknum",2590,1511.05796056274,832.909333333333,822.266,837.234,1590.32471083783,79,NA,NA,1,551.196594238281
"peaknum",2852,1524.07179520206,839.344319100105,836.236,847.212,1605.34523372406,81,0,NA,1,604.221496582031
"peaknum",7709,1622.07543537316,2018.73,2014.74,2024.72,1687.79234925419,131,0,NA,2,1067.70275878906
"peaknum",7766,1622.57635885785,2019.73,2011.74,2027.71,1687.79234925419,130,NA,NA,2,2172.06298828125
